,Grado,Tiempos_1,Tiempos_2,Tiempos_3,Tiempos_4,Tiempos_5
0,1.0,0.06947636604309082,0.0,0.0,0.0,0.0
1,2.0,0.002256631851196289,0.0010013580322265625,0.0,0.000997781753540039,0.0
2,3.0,0.0,0.0,0.0,0.0,0.0
3,4.0,0.0,0.0,0.0,0.0,0.0
4,5.0,0.0,0.0,0.0,0.0,0.0
5,6.0,0.0,0.0,0.0010335445404052734,0.0,0.0
6,7.0,0.0,0.0,0.0009961128234863281,0.0,0.0
7,8.0,0.012372493743896484,0.0,0.0,0.0,0.0
8,9.0,0.0,0.0,0.0,0.0,0.0
9,10.0,0.0,0.0,0.0,0.0,0.0
