parametro,coeficiente
B0,-1467.489614
B1,-2772.179592
B2,-2316.371082
B3,-1127.973941
B4,-354.4782337
B5,-75.12420174
B6,-10.87531804
B7,-1.062214986
B8,-6.70E-02
B9,-2.47E-03
B10,-4.03E-05
