GLM,QRvEcon,MoorePenrose,Polynomials
2.6444057469775855,2.6444057432096177,2.644405743210757,2.644405743209395
1.3744058344839187,1.3744058317122727,1.3744058317129113,1.3744058317121075
0.39709688584669905,0.39709688511035557,0.3970968851104061,0.397096885110311
0.049243909928726196,0.049243909844721774,0.04924390984472035,0.04924390984471666
0.002174868659038502,0.0021748686555558487,0.002174868655555524,0.002174868655555634
