GLM,QRvEcon,MoorePenrose,Polynomials
1.0592654569866784,1.0592654569866775,1.059265456986677,1.0592654569866777
0.03409459322875313,0.034094593228753065,0.034094593228752954,0.034094593228752995
