PolFit,QRPivot,MoorePenrose,LinearFit
4.300653879175556,4.300653879181941,4.300653879195977,4.300654368185211
2.923772650116301,2.923772650122151,2.9237726501289565,2.923773106334717
0.9589165208015241,0.9589165208036122,0.9589165208053085,0.9589166857829786
0.1481183306367313,0.14811833063709526,0.1481183306371633,0.1481183595941428
0.010638364766068309,0.010638364766099312,0.010638364766086941,0.01063836723835756
0.00028251966750740613,0.00028251966750843764,0.0002825196675072029,0.0002825197498305749
