GLM,QRvEcon,MoorePenrose,Polynomials
0.39027115380926913,0.39027115383197547,0.3902711538319683,0.39027115383195465
-0.3033644983355752,-0.30336449832337814,-0.30336449832338963,-0.30336449832338913
-0.05371946119492117,-0.053719461192847186,-0.05371946119284865,-0.05371946119284896
-0.002726488961377366,-0.002726488961264813,-0.002726488961264789,-0.00272648896126491
