PolFit,QRPivot,MoorePenrose,LinearFit
1.0592654569866777,1.0592654569866775,1.059265456986677,1.0592654569866784
0.034094593228752995,0.034094593228753065,0.034094593228752954,0.03409459322875313
