"","GLM","QRvEcon","MoorePenrose","Polynomials"
"1",0.7349289,8.04e-05,7.68e-05,6.96e-05
"2",0.0003648,9.61e-05,0.0001029,8.62e-05
"3",0.0009826,9.47e-05,0.000133,0.0001216
"4",0.000325,7.99e-05,8.88e-05,0.0001296
"5",0.0003846,0.0001255,0.000157,9.72e-05
"mean",0.14739718,9.532e-05,0.0001117,0.00010084
