"","GLM","QRvEcon","MoorePenrose","Polynomials"
"1",0.6792872,0.0001239,6.96e-05,9.17e-05
"2",0.0003676,9.12e-05,7.16e-05,8.2e-05
"3",0.0005106,0.0001411,9.82e-05,0.0001079
"4",0.0007122,0.0001294,9.75e-05,0.0001013
"5",0.0005576,0.0001187,9.54e-05,0.0001089
"mean",0.13628704,0.00012086,8.646e-05,9.836e-05
