PolFit,QRPivot,MoorePenrose,LinearFit
-18.097549605911492,-18.09754960589364,-18.097549613799636,1.9043148725588952
-22.296644063036336,-22.296644063009634,-22.29664406756129,0.0
-10.576942692715361,-10.576942692699944,-10.576942693506702,-0.48109345681336746
-2.5981095111748065,-2.598109511170356,-2.5981095112335746,-0.21855865577230393
-0.3486583643437937,-0.34865836434310715,-0.34865836434602115,-0.04033531771351626
-0.024244441955115114,-0.024244441955061043,-0.024244441955178393,-0.0033914862915648825
-0.0006834185219921739,-0.0006834185219904665,-0.0006834185219929977,-0.00010746431852333283
