"","BsMD2","BsMD","JuliaCall","reticulate"
"1",3.84636807441711,0.0307559967041016,14.2689628601074,15.5679221153259
"2",4.22615790367126,0.0272250175476074,0.216125965118408,15.1616191864014
"3",4.09430694580078,0.0328989028930664,0.308211088180542,16.3913328647614
"4",4.25849485397339,0.0243470668792725,0.223906993865967,14.0208971500397
"5",3.85581088066101,0.0268418788909912,0.311782121658325,15.4409010410309
