"","BsMD2","BsMD","JuliaCall","reticulate"
"1",245.013154029846,0.418693065643311,36.3675930500031,566.789473056793
"2",243.45306801796,0.424243927001953,24.0461678504944,572.656569004059
"3",270.199373006821,0.408406019210815,20.2462029457092,547.789593935013
"4",251.560888051987,0.403154134750366,18.4213390350342,536.891803026199
"5",271.119484901428,0.408368110656738,20.3174359798431,515.375788211823
