,BsMD2,BsMD,JuliaCall,reticulate
1,3.846368074,0.030755997,14.26896286,15.56792212
2,4.226157904,0.027225018,0.216125965,15.16161919
3,4.094306946,0.032898903,0.308211088,16.39133286
4,4.258494854,0.024347067,0.223906994,14.02089715
5,3.855810881,0.026841879,0.311782122,15.44090104
Promedio,4.056227732,0.028413773,3.065797806,15.31653447
